{"cameraMode":{"drawMode":0,"name":"Shaded","section":"Shading Mode"},"sceneLighting":true,"audioPlay":false,"sceneViewState":{"m_AlwaysRefresh":false,"showFog":true,"showSkybox":true,"showFlares":true,"showImageEffects":true,"showParticleSystems":true,"showVisualEffectGraphs":true,"m_FxEnabled":true},"in2DMode":false,"pivot":{"x":-3.542452335357666,"y":0.7530314326286316,"z":-13.84382152557373},"rotation":{"x":-0.0015075179981067777,"y":-0.6657212376594544,"z":-0.001594214467331767,"w":0.7463738322257996},"size":1.3290209770202637,"orthographic":false}
